population,n_responders,n_non_responders,median_responder,median_non_responder,delta_median,p_value,stat,p_value_bh_fdr,significant_raw,significant_bh_fdr
cd4_t_cell,993.0,975.0,30.22056448672133,29.657607004517313,0.5629574822040162,0.013344218813937624,452899.0,0.06672109406968812,True,False
b_cell,993.0,975.0,9.432277716506485,9.788394525529014,-0.35611680902252907,0.05570230973826628,459971.0,0.1392557743456657,False,False
nk_cell,993.0,975.0,14.509281611587447,14.799142593764923,-0.28986098217747625,0.12105079820428578,464546.0,0.20175133034047632,False,False
monocyte,993.0,975.0,19.60969754287689,19.942332781511407,-0.3326352386345164,0.16315013268752887,466510.0,0.2039376658594111,False,False
cd8_t_cell,993.0,975.0,24.728022127013396,24.603067146867414,0.12495498014598283,0.6390858847346418,478176.0,0.6390858847346418,False,False
